{
  "total_episodes": 600,
  "final_avg_reward": -3529.4846428289393,
  "best_reward": -3129.472415832102,
  "session_rewards": [
    -29994.213408970296,
    -4476.055822160825,
    -3682.607573332138
  ],
  "rewards_per_episode": [
    -5980.713464021023,
    -5852.65913039594,
    -11.156317773815054,
    -13808.015187519284,
    -7.577014643488582,
    -5902.178233737673,
    -1753.121306995156,
    -3843.5880062953092,
    -1815.440546256614,
    -1052.9031661550796,
    -1870.6917375870362,
    -6248.791146181754,
    -16148.094539951022,
    -1295.8579381693703,
    -8.845021607834802,
    -5515.461612040404,
    -8131.559536953258,
    -9.998733065613951,
    -14755.4101289938,
    -36.009545768845555,
    -1886.4110492225193,
    -11.660001374072591,
    -2674.272852656123,
    -11725.975179723237,
    -958.2835758151358,
    -3945.1108883503757,
    -535.3286791506885,
    -5674.221215946403,
    -264.7504249896708,
    -8.45663924873647,
    -4100.003385886626,
    -8.41986538342255,
    -10.698368160038328,
    -11738.554740824322,
    -5954.510027157197,
    -504.6518891187941,
    -14056.656566471787,
    -11632.028738771236,
    -11644.8620996476,
    -9.089412709067126,
    -5218872.736353685,
    -11.152993920741899,
    -7.213848142032583,
    -9.352748372731764,
    -527.2938547038426,
    -8025.861049377769,
    -7.793506949744688,
    -9293.451751570827,
    -398.34967482523473,
    -6606.9832386094795,
    -1852.5065234236044,
    -92229.0642661911,
    -3131.01499352412,
    -15452.732911894494,
    -4809.224501564006,
    -11296.065719400476,
    -64.55028324114637,
    -18414.067453352436,
    -3066.0404175455005,
    -36.669590343601506,
    -1459.9312372622687,
    -774.987771885679,
    -6369.5071387609805,
    -3017.4907199986283,
    -250.03842606619722,
    -3554.8272469522262,
    -11465.717421526102,
    -1752.4862644457896,
    -8.328736753885924,
    -388.945334571339,
    -44.08573222794576,
    -728.0795066427787,
    -3985.398365319281,
    -8.443958186533806,
    -4028.33199784495,
    -11694.833452060619,
    -6209.394339465607,
    -9.935619292643455,
    -7155.473466115111,
    -4649.263786762852,
    -2688.3027004227697,
    -651.4365673663495,
    -10.514175091695693,
    -60.45293900583206,
    -43.42274681834614,
    -59.432512412273645,
    -7034.42702113485,
    -6251.687264929494,
    -41.79184373408467,
    -3407.2145509404004,
    -12.934687331961584,
    -26.50863047771545,
    -35.434128554012176,
    -1858.6576669926085,
    -15.162973855654185,
    -703.7556875340549,
    -4491.46507697367,
    -10.799557493117106,
    -6159.39344153721,
    -8.65716746168542,
    -4865.416062934551,
    -5119.194949755251,
    -2790.7413304328006,
    -7457.012700772386,
    -3015.542976875806,
    -8.330544325696039,
    -257.3974389970549,
    -817.5804585882971,
    -3296.7964438468907,
    -11.220960871064069,
    -4314.37715489568,
    -294.153183552419,
    -8.146926858413094,
    -666.7345909231697,
    -8757.042443830329,
    -5444.318674618498,
    -6331.320127517779,
    -9286.526004220528,
    -10.676915662626552,
    -6079.012061071554,
    -5146.811582791696,
    -8.355758924908244,
    -359.9976587664867,
    -8325.610247682065,
    -4830.180606415399,
    -4716.074707037366,
    -3115.308810024858,
    -867.2224370790848,
    -5667.930757257268,
    -4945.019924668866,
    -4390.396489014465,
    -2588.899191222827,
    -1808.9276239694816,
    -1071.2960266010575,
    -3592.013462835915,
    -4996.865864135,
    -4870.846886244425,
    -3703.1474175457097,
    -5994.923839376896,
    -7.663419213595456,
    -2186.573008770784,
    -4193.532498983481,
    -4482.444933335889,
    -2878.241164845965,
    -567.8288776987098,
    -832.6023572222638,
    -3675.9659828197077,
    -8459.441338738246,
    -2326.548244486291,
    -1390.2112912090686,
    -1118.315204389582,
    -8.889451178713527,
    -24364.125919806535,
    -3222.7716738701515,
    -3391.354962896406,
    -3074.7034821999805,
    -2607.3408692893204,
    -1700.0789588404962,
    -3079.3919473592764,
    -7108.297777192775,
    -444.4508224907074,
    -3297.7151820039508,
    -4869.057428370825,
    -3730.951900164859,
    -2970.9304847967724,
    -68.0702279224272,
    -6365.912010428433,
    -69.60472694525481,
    -1908.6755587200055,
    -2772.7333655922034,
    -1828.2161561623807,
    -3024.8501525283605,
    -7.73326861952276,
    -9.205549579617179,
    -747.1993175998265,
    -2197.645346419827,
    -4430.574358930181,
    -4094.19244831261,
    -5269.876768873301,
    -3515.793033382211,
    -3571.6383830049913,
    -3186.3123399438937,
    -2582.6168688733587,
    -51.990391792892325,
    -3164.6317013099197,
    -3367.7405671736856,
    -8.78016755652866,
    -11.006111649255482,
    -3105.2169817710296,
    -724.7398744867435,
    -715.481961538101,
    -6553.419334954233,
    -835.9024005496638,
    -3917.7508975059695,
    -3240.6198375493937,
    -734.8429294219475,
    -3066.619894112977,
    -4538.408930930561,
    -4225.092081255127,
    -2477.691966775033,
    -20364.302829582433,
    -6122.937954813127,
    -3052.0217840425858,
    -758.8155602103749,
    -8876.721805857456,
    -13311.124098820692,
    -5131.340647339729,
    -2425.6039567950374,
    -2503.8252382128585,
    -5185.840016259288,
    -739.5798476859875,
    -1489.6999947425143,
    -2301.4258627273816,
    -4697.214751586431,
    -7343.059201340777,
    -4735.416651863056,
    -2215.978020946448,
    -7.689280318294041,
    -4779.135018999831,
    -9.533462690153172,
    -5199.191188995938,
    -9.164573511499233,
    -2687.1045999873636,
    -761.6285573092533,
    -7.732436308460027,
    -4658.988532826913,
    -6685.735326744085,
    -2265.5473267374805,
    -10.567558698733654,
    -2513.259138741186,
    -2063.2430058058067,
    -36008.77899250931,
    -80.15213160714147,
    -8.324488296230202,
    -904.0648705284957,
    -10.728681794283391,
    -6142.262658615359,
    -2790.86606522087,
    -8.15260743128319,
    -8585.094596548108,
    -3895.7105992919874,
    -9.222691651490905,
    -11.659712807853163,
    -2216.2075418054806,
    -2821.6655295577702,
    -2247.6666390906703,
    -7.531875262237552,
    -4423.42822360412,
    -1071.838439727114,
    -8.768730253112558,
    -1835.1259616376724,
    -5570.772587299148,
    -3713.1132008146405,
    -6644.226923358759,
    -4459.236575488324,
    -4320.481275896775,
    -7.729111461662937,
    -4085.830550330332,
    -10372.034599481654,
    -3953.280962543693,
    -8187.052983445946,
    -9.126682951403522,
    -2982.745249161794,
    -23.948476968342053,
    -9.070918195844625,
    -2792.7494862657636,
    -16.26114441518976,
    -8243.02215953924,
    -8.966577291630884,
    -2034.197148030128,
    -4841.204757480809,
    -1568.1298731396791,
    -2383.4781929981145,
    -3818.2666931017366,
    -9112.55426267677,
    -3950.058896978278,
    -774.2767019698674,
    -2402.5821024404618,
    -37326.64571115259,
    -4551.35023164487,
    -9409.48659411658,
    -5806.604758038462,
    -1015.6719391919876,
    -7.8670612782264,
    -727.8624348834526,
    -8.405332622305357,
    -10964.306602832803,
    -4412.308260836028,
    -5073.898427346252,
    -5615.168011541253,
    -11757.011260561896,
    -11.41010652695255,
    -4773.762026477714,
    -9.597437487341853,
    -3475.809457209459,
    -8.232297745913716,
    -9296.568154053371,
    -11.236212333561935,
    -8.293895297569996,
    -11680.320790585447,
    -7417.396925719099,
    -2897.114915038473,
    -6416.148227220106,
    -10.102950028811067,
    -3413.9653214667032,
    -12997.65643279802,
    -8.764609235430997,
    -3971.116374222981,
    -11631.155365694109,
    -8.570383607451685,
    -3960.220530437242,
    -3203.871558658567,
    -3226.6391382968613,
    -15375.441001124524,
    -10518.890251537016,
    -8.750351541109394,
    -2772.2591074749007,
    -10.57321081030923,
    -1099.5389667478578,
    -8208.193786881051,
